541.8012597828614,0,0,-1.10484998662388e-07,67.31179943476234
308.8322224503574,0,0,1.979007052578226e-07,70.04678081656397
560.5571810846169,0,0,-2.178796933190996e-07,71.80446256547744
589.0043732732437,1,0.8782359063323035,-5.795479405317522e-08,17.4247357285151
395.8627083561033,0,0,1.214556839989434e-07,66.39239217210141
429.2170713685276,0,0,1.026898402804189e-07,68.34515990477662
571.1656270231765,1,0.6265901997942603,-1.555341018875191e-07,20.03181782463405
263.9106429777006,0,0,-1.165339569144556e-07,70.41696745520461
516.2945469493409,0,0,2.51292746115963e-07,74.35425961149376
895.5690947712309,1,0.3860940024752647,7.862739987330657e-08,21.90124828685723
238.7035896056231,0,0,-1.058011484656986e-07,67.17385533287387
835.036306213123,0,0,-7.283155940621235e-09,55.21489365724692
890.0569082304718,0,0,-2.027443212484115e-07,70.39365862221938
123.7061300491659,0,0,2.573330193574545e-08,62.24464057566856
134.4874080682572,0,0,1.336340537700986e-07,64.77353692910648
575.355838982795,0,0,-1.209073501643484e-07,69.74346917952823
576.7632448736611,0,0,-4.762226528895498e-08,68.71057997822348
724.6853282450923,1,0.8300826032420717,-2.559756394885129e-07,19.51880262594759
134.3521548317299,0,0,-1.004616629477282e-09,47.3088153617422
439.5557404980255,1,0.9525022851022524,1.829842610426126e-09,18.37454355055778
975.6471709350853,1,0.5977390580346975,8.469824095982514e-08,16.04081632483532
160.1243874688248,1,0.6731318772807439,-6.951332993173815e-08,15.96100363417233
865.3288968318424,0,0,2.094434110614195e-07,70.99675359371311
724.9894436729079,0,0,6.125408607046805e-08,63.94417824530218
904.0664419019243,1,0.6690527816441861,2.737417398913434e-07,19.33083388219744
182.0660271570229,0,0,-8.295721528260053e-08,66.09338078513622
456.3876901527221,0,0,1.434035972682508e-07,68.69169889934432
917.7832819695799,0,0,-1.741655968145369e-08,67.01216917892523
917.4089187240519,0,0,1.990572688133532e-09,49.87932384297545
915.4003176397787,0,0,-1.811787570750387e-08,60.77571429760661
538.6607121118168,0,0,-2.005364171985683e-07,69.46545636032658
151.6482700950599,0,0,1.171375532623292e-08,57.46296529321711
522.7094473005193,0,0,5.972041454806138e-09,56.02739992724516
252.8157066550873,0,0,1.250532405839409e-07,67.21122571410942
906.4495550962677,1,0.1037998261678291,1.537889333047117e-07,13.98337719452559
458.3016538954104,1,0.1052750296307847,-8.380541898697073e-08,15.16669164529236
784.290740559876,1,0.6971508372401748,-1.311356798735296e-07,17.5578765495016
520.0446102298206,1,0.4869615424063436,5.786701268931915e-08,13.82331641604248
854.2735752338265,1,0.2954887017081322,-4.371151641131412e-08,18.33373082799185
740.3533212225193,0,0,-2.019940478581946e-07,68.76792594284693
798.9905234833236,1,0.3154051505136972,2.755400151409752e-07,15.40767619509576
576.3185170906202,1,0.8833011467942679,-1.128924392255169e-07,17.90776250985873
264.6359046996135,1,0.7787602477876807,-1.473088976804707e-07,18.16932508242332
745.4383082292989,1,0.516776448783049,-6.708803371816276e-08,18.96217256294524
674.2642013380968,0,0,1.580894182842739e-07,67.96453602181825
466.1483202924187,0,0,-7.806449896329861e-08,66.5598878108773
506.0311642241789,0,0,-5.686340104894429e-08,66.26147342005522
348.412846182258,1,0.7381477696422342,-8.508384818218891e-08,18.08027183478956
352.9384701118038,1,0.7369622055234402,1.15641577850944e-07,18.22564831701565
350.2524911490653,0,0,-1.511045585610633e-07,69.38304089415338
416.2260487491146,0,0,-1.310613860654266e-07,69.87438911111653
272.2799261406076,0,0,2.965882993163501e-08,60.91953343654448
859.6193687626842,0,0,-1.649949930386727e-07,68.51451663321029
426.282240970348,1,0.8940045300788139,-3.014102131558979e-07,19.27376848511302
434.5625331100392,1,0.9146963412146946,-1.264795856685309e-07,19.99757315786992
932.3423642047728,1,0.7531153340734702,-2.419123689711139e-08,16.26507374644887
889.8332930516667,1,0.3692741977606476,1.519924638320911e-07,19.95518805359337
162.0689548470805,0,0,1.36244941291707e-07,65.61000415743207
349.6363105542724,0,0,-1.642792676082257e-07,70.72358865998977
711.0259888558338,0,0,-2.133775837045169e-07,70.81143499678031
405.7658212089617,1,0.7524866406146974,-1.882501063893139e-07,20.86422764692543
745.8158559391583,1,0.5989785231260587,-2.483435930296661e-08,18.10344708734119
188.1069640294797,0,0,-1.426979397402704e-08,62.30098655528016
52.23482136758892,0,0,1.497481737303174e-07,72.09815819327696
320.9777229582884,0,0,2.321261948895086e-07,71.64008496227565
875.4045341412368,0,0,4.706798491226165e-09,57.85008132040794
247.9977804493374,1,0.71286327735537,-1.787133177317302e-07,19.40010472170976
300.4203052848805,1,0.1438903331072059,1.263670845653561e-07,16.40033680605417
596.7854638600191,0,0,1.393962405859101e-07,69.06677372921388
218.5217216483486,1,0.5892164610810741,6.30876970086805e-08,15.45844171590767
486.0755346195128,0,0,-2.933501635396811e-07,70.92811513743368
784.8588674219578,0,0,4.681220698754285e-08,65.45353076833942
636.3319575070266,1,0.4755626714636912,-1.536040302100067e-07,17.28056783767251
886.8610357881915,1,0.2294824937420417,1.068082545923787e-07,20.10245851660374
960.8504842760143,1,0.2233916297702145,-7.958286441596997e-09,16.74088356278536
581.131939314238,0,0,-8.405453011705519e-08,65.21033697147321
417.9169084040455,0,0,1.704039273839243e-07,67.33976848780785
312.4203667271247,0,0,1.059802258642617e-07,67.62944539370301
82.49803630788055,1,0.6669020354062706,-2.177126603872744e-07,23.13183698879115
363.8288593594403,0,0,2.611873776448662e-07,71.37887773458368
682.4428931886708,0,0,9.007081896723599e-08,65.12159920833588
905.5560038991575,0,0,-2.364337064368649e-08,57.11161109793004
363.1618747597081,0,0,2.733372209771085e-09,50.99847307956196
602.9433624819586,0,0,-1.183714203303136e-07,67.6185408377758
705.0970736100775,0,0,-3.759379172955326e-08,65.65848106205952
63.00127102093751,0,0,8.094966250768739e-08,66.33578562531117
242.6108584974539,0,0,1.582665156559489e-07,67.9060098111373
888.68028927181,0,0,7.81300025604806e-08,67.09928669134881
986.0801847802708,0,0,-1.805928327965897e-08,63.56910256865467
139.570849799076,0,0,-1.924225454435222e-07,69.2196990272331
811.366728023316,0,0,1.158874705229494e-07,68.47863294582284
446.0632411258302,1,0.9076377886771143,-1.620829415969538e-07,16.26994703349357
365.5930140077841,0,0,5.632012126745247e-08,64.3818180269233
519.7146453932348,0,0,-3.06558887176943e-08,65.37946808600374
564.411474073774,0,0,-6.285666244599229e-08,66.71385652322387
424.5092749483279,0,0,4.470601012245526e-08,64.97756193916373
719.5392960819808,0,0,8.103025444740421e-08,66.23789400780167
287.0412880535304,0,0,-1.28776951946098e-07,70.47290560989835
446.7266727396553,1,0.9833586323268475,3.009755643845803e-07,13.5721079038872
507.3289304296046,0,0,2.870761077829799e-08,65.10373027434564
382.1309194127585,0,0,-7.103908142127751e-08,70.03925524248697
189.0474276372953,1,0.3092947272668825,1.069318900243865e-08,19.93771061482522
165.5894622674601,0,0,5.283881299470789e-08,63.40839985564308
467.4544738186127,0,0,-3.254723495421622e-07,72.51204497226249
118.8030080687036,1,0.6744173136576905,3.509546940474243e-08,20.77997657086832
714.3201660837422,0,0,6.36762560128364e-08,64.22763872663113
206.6052115421366,0,0,1.998664560366223e-07,71.13820761921734
357.7263750825157,0,0,2.891461948934689e-08,61.3093608938627
581.3165928112077,1,0.3535846161503134,1.777391205098371e-08,22.17694907704565
71.140968115226,0,0,-1.481184289441261e-07,72.43049184788093
81.17731289655961,1,0.4957519412147514,4.073737024635186e-08,20.39372424010676
836.0893394646397,0,0,-3.386830072699635e-08,63.12827570446898
452.0844439798813,1,0.7568491553713146,-2.471243276887644e-07,20.10627689630626
200.3219034404482,1,0.8096917011564656,1.068422848918869e-07,20.60952187504881
419.4937029214608,0,0,-7.954298086757172e-08,66.64135289183702
746.1224486143067,0,0,4.641253008564168e-08,69.03272637293209
432.0140910143568,0,0,1.394098502471803e-07,70.48850794953937
168.5391323917469,0,0,-1.315536911529859e-08,59.25117357288676
237.7252701125489,0,0,-1.767876057848999e-07,69.13754052382508
724.918458494968,0,0,7.738004062825705e-09,59.61683891258659
385.9151777822287,0,0,-1.053247367820438e-08,58.51465784739832
580.4763707133328,0,0,3.349251864833067e-08,66.42417890773899
938.523205538764,1,0.7371846624242862,1.917273907032039e-07,16.66289248701808
67.79821161547174,0,0,-2.833350258794412e-07,72.99930937119996
705.8995520091601,0,0,5.533292674994303e-08,63.09484230788662
677.5355838202024,0,0,6.602830746131048e-08,67.82137518570191
279.6560068312409,0,0,6.527315969406397e-08,65.11201679182642
60.04008679402114,0,0,1.528628057760581e-07,69.68221822185342
844.8929785344814,1,0.6796562750003694,-3.609049945066098e-07,16.37322756982642
190.3672889881382,1,0.9252440943394525,2.590296586090172e-07,19.11264250540908
671.5240674219916,1,0.1646963556391011,3.049796920849917e-08,19.72537165788047
238.5215398976445,0,0,-1.164507205806989e-07,68.26983741352592
140.0731410493338,0,0,-1.159478425603839e-10,39.15887171719884
698.4706407262488,1,0.1456148719499897,8.604568284128885e-08,16.28075171946171
854.3615157006217,1,0.2808508833927496,-2.493133885420539e-07,16.51334028483089
150.1296452070755,0,0,-4.803256288010808e-08,60.38530815661527
361.3473484246586,1,0.7393633581949512,-1.622132142524247e-07,15.68079422705798
237.4499287937096,1,0.8533973312528766,2.392506018657089e-07,12.37388918609497
777.535108097549,0,0,-6.660574836693456e-08,64.06970898153648
487.5064604395507,1,0.2130442881914361,-9.217135606840018e-08,17.84715993695644
80.17707181180651,1,0.1166967841729661,1.147596582709479e-07,21.76728858512631
618.7509263717658,0,0,-9.148258380233558e-08,72.46717976797008
306.3034937487938,0,0,9.001904974980473e-08,64.70209987553341
584.4910555502807,0,0,2.710074916777407e-08,63.07632878786593
769.258473760184,1,0.3165648890300607,-1.130417509641354e-07,16.25341451921967
682.9665898053995,1,0.6459432050171088,6.605515606703744e-08,19.16203238958038
344.5555360954844,0,0,4.878660434007411e-08,62.47350201678102
790.4240432913336,1,0.1857323723121448,1.238597751758355e-07,20.27717478104807
292.8544900471476,0,0,6.118910235972562e-08,61.20522730308816
725.510193112332,0,0,9.500240104843062e-08,67.45159525792991
96.24786002086736,0,0,-6.587789165050409e-08,61.89304082933133
490.8443602527792,0,0,-5.332712619666617e-08,67.11676020696278
467.0624690049089,1,0.7174814841770869,-1.359579146391776e-07,18.86404116653342
474.3907231516629,1,0.4068851336798707,-1.592953098548867e-07,16.15853060462785
734.3400928696532,0,0,-1.230156829563903e-07,67.78119359462363
51.45031588888676,0,0,-1.130763387393982e-08,58.21723923065094
566.1841682237103,0,0,-1.397162932602957e-07,67.847093544263
499.1968338002241,0,0,-1.055138613550574e-08,56.97107523664955
560.4761614578512,1,0.4158089672120722,1.411064162691949e-07,18.01589211798259
949.140322335308,1,0.7716508887685155,6.032879898097454e-08,14.49238200240444
55.73954152085764,1,0.9312547169514259,1.231926424530095e-07,26.20900837920783
803.587635369654,0,0,-6.660551765317675e-09,55.70730747059982
443.429299435523,1,0.956078729945456,-9.877296380337611e-08,17.23852530618942
249.8792831673759,1,0.7113064664933108,-1.539648451122048e-07,19.21080228205783
441.9127884128329,0,0,1.588848896509051e-07,68.99568866787023
453.5587468975361,1,0.3218446580153166,1.82838360376739e-07,16.8363818505718
399.4825039014846,0,0,-2.20348668059478e-07,70.6872288745744
382.3036237631731,0,0,-1.441839665208305e-07,67.64660210183979
444.6013988299087,1,0.3315872608229488,6.037549355861963e-08,16.01883601333293
237.7132235615241,0,0,-9.413786539872958e-08,69.40317927247639
137.2835709672555,0,0,1.365140411073244e-07,68.31488880927219
696.1081317135516,0,0,1.46970763061413e-07,67.50531761570703
760.1294914610387,0,0,-1.179736921256768e-07,72.34550597857921
427.451648877103,0,0,1.504057798214195e-07,66.88137307463411
922.3545034895812,1,0.1311735959719814,-2.397564210094285e-07,16.84053462669437
348.6357789717389,0,0,-1.720577378610957e-08,59.00528010113964
250.30003644382,1,0.6847411842193084,3.045697098241282e-08,16.78105135479663
755.2586254350243,0,0,-3.93725244450058e-08,63.04069827318478
388.538359460375,0,0,3.323637313405772e-08,64.83210828925641
279.4425970305576,1,0.8056623345217662,-1.46798013316678e-07,13.17682951134414
435.4618799813853,0,0,-3.493964270649178e-08,64.71521741360436
940.3689008949952,0,0,-2.399979610470643e-07,72.29106073029804
402.8607430297001,0,0,-1.077006589729479e-07,69.92568027134513
828.3491820826951,0,0,-6.303395480258076e-08,63.2662742011792
199.9852213261077,1,0.6554018971937459,1.41215355997759e-07,16.24348024050661
760.9703987631175,1,0.8945626690797404,5.925625932432995e-09,18.09632755842111
121.6256452199985,0,0,-9.442404008488789e-08,68.33697241310492
802.0020088485793,1,0.296386398252353,-4.781769936410591e-08,19.1073964785333
510.7815689292095,0,0,-8.729329763516917e-08,62.64463230933748
462.7396757653853,1,0.1350630258133899,3.839166449989164e-09,18.67504102497686
444.7168998180412,0,0,5.902388797056773e-08,66.24525258410199
402.9253402521054,0,0,-3.900942549016949e-08,62.50086663274086
562.6852565257756,0,0,5.885322876143156e-10,47.14816850223175
694.0948351408016,0,0,2.70096357781757e-07,71.05318404368681
93.81896972323175,0,0,-1.960514385028574e-07,74.61863453807835
559.4985196368386,1,0.4393939599598916,-2.219292790046248e-07,17.41109385093491
805.6538707709993,0,0,6.157594789543453e-08,66.66408673041674
862.3747866052222,0,0,-8.36577481521865e-08,64.09515144960332
919.918422302082,1,0.1942560801722036,3.452763637692191e-08,14.82600818718985
277.6342947259416,0,0,3.274046810218032e-08,63.9030625754748
83.7256212081227,1,0.6578756499402866,-1.804711148647405e-07,26.23775650707378
304.4760990757266,0,0,1.454958995211186e-07,68.73622662315934
694.6811805517424,1,0.8281260837260502,-1.094215136992458e-08,18.08181020829879
184.5826238008515,0,0,2.655786762531021e-07,76.24573850485062
775.7723926885867,0,0,7.303987395453998e-08,65.47695098831065
767.7587765046455,1,0.2583132096430871,-1.085395846295828e-07,19.02167564584276
832.729513694708,0,0,3.097168949266416e-08,65.39101853337607
807.8369356715435,0,0,-7.96195111802675e-08,69.06636438365777
160.3654030568117,0,0,3.232824016781878e-07,75.22431046937864
726.452802044842,0,0,-2.357546999563927e-07,71.7529433934609
140.698580671566,0,0,1.40124944262685e-08,57.87835222569812
408.1501401720103,1,0.9085227773741422,-3.162151223025163e-08,13.93553529298603
877.94768307827,1,0.9868332443944292,-1.480836616762428e-07,13.49311196219358
471.6146826589607,0,0,-1.770000932617493e-07,69.58166587673961
992.1371822682875,0,0,1.318156967028155e-08,59.01311659108246
137.359104480931,0,0,6.634949460690322e-08,65.68544127340276
166.5006106352279,1,0.6159883570662854,1.219073471674083e-07,20.61650732040097
107.3258632847276,0,0,-4.735277470414833e-08,67.60691654336001
107.6831058029306,0,0,1.20063355972137e-07,68.61674515653797
442.8223604754109,0,0,1.343292289271056e-07,65.25079938770466
345.7951305484636,1,0.581614270476116,-2.978037853555207e-07,15.46125105047769
140.8874965221591,1,0.2119263469413588,1.389711761270625e-07,13.35025342396353
605.5183036693853,0,0,-4.663469081658281e-08,64.12054722481597
589.6858658290257,0,0,1.100575459489573e-07,69.05320127858276
146.2139882912084,0,0,-1.139733386263065e-07,67.54940208567795
717.7073486902399,0,0,2.491552293455724e-09,53.29452790259985
474.311901682451,0,0,-3.140960716531249e-08,63.54960721963489
825.1147056505201,0,0,1.205899221954269e-07,65.23890027630466
108.0765859153291,0,0,-1.703477868624539e-07,70.27990389932552
239.2867304046056,0,0,-1.348611837918779e-07,70.63306907138524
822.6960483570235,0,0,8.351513029023207e-08,66.74185637839236
394.4648741063095,1,0.4277151506532559,-1.763548906372271e-07,20.41575863540066
60.36853174801627,1,0.774661104390558,-4.070950779067229e-08,29.12030861277894
617.1830352344432,1,0.8430548588037009,-3.081975511695035e-08,17.1496748310994
347.013369068118,1,0.8709003355466116,-3.973123339446071e-08,20.09010606581499
566.6279243391331,0,0,-1.158039536562548e-07,70.91526429656196
717.5690652572417,1,0.2870312889219462,5.201300775960978e-08,17.64376210136589
513.623710347324,1,0.7857643684770732,-4.351517996931944e-08,17.80884303296704
324.7187616305463,1,0.9497081668696111,-1.882408717677187e-07,20.25933172474831
886.4574134524976,1,0.5270647392713657,1.128342475185841e-07,16.04269324596005
958.0255055024907,0,0,-2.228474547991333e-07,68.44155378906437
529.4889095876824,0,0,-1.454680659820422e-07,67.92087016088523
770.7481293706178,0,0,8.557073650428274e-09,60.15166278032581
655.6640388797025,0,0,-5.480877386160529e-08,64.60745984570798
489.1561017422727,0,0,-1.251341394328592e-07,67.65558380198961
476.5745219734242,1,0.6489625882111464,2.012383208443842e-07,17.01710914103569
781.2289509138782,0,0,-8.578734109368237e-08,66.47904242371119
912.1975330653747,0,0,-7.947132190157325e-08,64.003425542353
686.7111733889251,0,0,1.632233359076413e-07,68.95782921843529
575.1739452748363,0,0,-3.198219730618202e-07,72.1729718010061
688.5275321446926,0,0,1.106329690780503e-07,70.14302406536709
281.7157716870886,0,0,1.095554043678606e-07,68.60347800745448
984.5188219701631,0,0,9.397103201138342e-09,55.31059633817502
791.0322692829948,0,0,-4.129820157794588e-09,54.87583409003837
368.6245992256304,0,0,1.69149237882744e-07,71.2859650987329
204.9188864431764,0,0,1.320159453382291e-07,71.05026157569174
934.6302927337374,1,0.1023186574382485,-6.402362895569048e-08,15.61748341893601
280.0959776709744,0,0,6.062708032844809e-08,61.57443101641141
569.052545325906,0,0,-8.145423129165537e-08,66.40140295998593
719.2668861302274,1,0.8740277098888528,-7.220927455746858e-08,17.71758346203682
585.4906698753219,0,0,-3.716335684343001e-08,63.15472336982932
979.6274692291991,0,0,3.866459132055366e-08,62.43603054225435
234.2188162583073,0,0,1.219473682566305e-07,69.28648726917875
663.456059530102,0,0,-4.684707542683099e-08,60.04100667593089
113.3136113818646,0,0,7.680672206898893e-08,65.45707267809134
105.2066617488192,0,0,1.184986077788668e-07,66.79000247686854
531.4104444244426,0,0,-6.090735204238109e-08,64.49687002158002
135.991978033004,0,0,-9.46972369229051e-08,68.27511067577871
299.8979872540577,0,0,-9.72644257466472e-08,65.35882490637169
316.2939825843731,0,0,1.746057065874776e-08,58.15575058142311
537.9772201894752,0,0,-2.873954449686893e-08,60.21978637028276
696.532752564955,0,0,2.591723952824639e-08,61.20102233290421
605.5851413618934,1,0.8987704043173651,2.72433951341517e-07,18.41954215124363
709.7099458824803,0,0,1.685010337853085e-08,60.52954081874259
917.489731836713,1,0.8340876265093903,-3.42081943636707e-08,17.10485114594772
180.2358810261061,0,0,-1.286864466245811e-07,64.56416212376637
233.4565527114052,1,0.2943999676400408,4.217110946942739e-08,16.43044906476966
141.976952045584,1,0.8918231614630718,-2.100166956702242e-07,19.27466076647149
196.5719675365715,0,0,4.41240588643682e-08,67.85372400733441
230.7500267173893,1,0.966682830115457,-7.95307586818873e-08,16.85652191161327
493.2067582154118,1,0.2449797203865342,6.540075678614216e-08,16.4593440010579
68.06921189139297,0,0,4.378756325098442e-08,64.36179332571935
915.9988304118464,0,0,-3.73807253696236e-09,50.85523763261007
448.0323531510848,0,0,-1.443455813571661e-07,71.00808883426042
394.4880228149975,0,0,-2.279095002520701e-07,66.49753535705932
690.3062855829459,0,0,1.71006415807365e-07,71.13339083503614
197.5129626041934,1,0.7819111472337864,-6.375260043845436e-08,19.62436021573883
794.6117316019233,0,0,1.227367130720175e-07,70.63914519669247
51.90839706509866,0,0,5.904012672146592e-08,62.93064895784242
289.2491714964901,0,0,5.760369760713909e-08,63.25224197849729
84.05126571371505,1,0.1693995552774222,4.548880579398793e-08,16.44812109902485
274.8973762145644,0,0,1.563518879995448e-07,69.77623477192381
651.8362264675997,1,0.7536059188912554,3.481677715356172e-07,14.59241570019571
500.0051668697589,1,0.3867606535847289,1.850379505928187e-07,19.30279578737036
343.8802050701059,0,0,-1.652140681403506e-08,61.47533941692001
579.283071952629,0,0,-2.346119212512074e-07,70.83707928165119
333.7041321347063,0,0,-1.30915909353727e-07,69.75321744751483
322.6940557186203,1,0.7759847731446002,1.238311643746727e-07,19.51214416118578
954.8344369523606,0,0,2.076216414681287e-07,70.81693967422457
505.3938600171243,0,0,-3.118548527446209e-08,64.1285719999405
75.03725633054216,0,0,-1.431929782145303e-07,66.40275836441555
979.579307907749,0,0,-7.234756375826806e-08,68.37998067185127
965.9046657697404,0,0,6.056006131112124e-08,64.40198477744451
689.0980566175602,1,0.1083587796530851,-1.033175490474684e-07,16.56364311246206
587.0262709226574,0,0,-1.056111877990333e-07,68.11628308484049
315.349668428801,0,0,4.826740539247152e-08,64.31342370032066
540.5927338077148,0,0,-9.286190642443892e-08,70.43831264564729
675.5142097749869,0,0,-1.095282431901399e-07,67.56531164475059
635.4407556243063,1,0.5981271406593452,1.770735857107359e-07,17.44232595783795
373.8201806687819,0,0,4.76847397625953e-08,67.23176019663947
652.713720655723,1,0.2818249281162704,-4.508361983036067e-08,16.31759248767048
188.4671732178197,1,0.9597180251285113,3.691859036475746e-08,18.15490422212564
308.0961715857382,1,0.7345101728371107,-4.473896852906142e-08,20.46253923071958
381.9131048850367,0,0,2.05238812571797e-08,62.98537776222674
316.9188715593806,1,0.6124240702169678,-1.245513743721765e-07,15.58082911128024
437.9044080011442,0,0,1.908017230038873e-08,58.34804120203246
716.3097777865248,0,0,-1.732991848223948e-08,59.2967195327963
914.3181537767671,0,0,-1.403148503538005e-08,58.59248911444988
232.2871942466285,0,0,6.058067145688047e-09,54.55099604166147
398.3328340411113,0,0,1.710930567579535e-07,72.87838708401964
754.5160356050814,0,0,-7.245774184231372e-08,66.44470949155135
214.6661172388127,0,0,-6.44557449303936e-08,68.01102981658374
290.1056439361753,0,0,-1.138610662383849e-08,64.47272477467835
664.4892716621462,0,0,6.87409589583017e-08,64.81542110234592
584.6554317144844,0,0,1.237136742871593e-07,69.00757484863789
648.5993839803658,0,0,3.126373921803758e-08,62.43511024574495
136.2401346227468,0,0,-1.028656517064292e-07,68.80136583646247
636.6994364772572,0,0,-1.568722578398986e-07,72.10203106830114
228.7472917779359,0,0,8.751360958009835e-08,68.89453314870822
913.0142881165293,0,0,-1.595190363052742e-08,60.53489078023571
404.0403588951602,0,0,-1.366572183379925e-07,70.34554689343915
107.5735111340854,0,0,2.887593697535182e-09,54.22540454484096
85.62185051484505,0,0,-2.574561559460684e-08,61.97780967422378
598.6210818427704,1,0.2087676479484286,1.245901050293073e-07,20.89088461608976
232.9056922097722,0,0,1.303768553945739e-07,69.88611650920735
470.0415659068366,1,0.284598926720505,-2.515475130709561e-07,15.86724406362048
454.6651536509355,0,0,5.919169688335462e-08,66.51026994033086
896.4289064208623,0,0,-7.502980059484037e-08,66.16306810539039
838.1444428493152,1,0.4617441922917763,7.192981356561107e-08,20.5092052278307
941.6775688396119,1,0.5949536489786159,-7.929940121474388e-08,19.7832630919898
414.8531510778083,0,0,7.204045476726895e-08,64.25672029571274
753.7224415936796,1,0.9137847801310448,3.358664283407234e-08,17.93633883673314
161.7551847092317,1,0.6917305309642349,-9.164871170431912e-08,17.03636638229555
533.2643121357291,1,0.8860841947941246,1.923179065955318e-08,18.98364022688297
538.0749698173536,1,0.1304696219302693,-1.268341909926008e-07,20.33975195288059
161.7883732934881,1,0.4180147245340725,-7.392555085119718e-08,20.46799452624023
982.5750176988427,0,0,-5.226736850734173e-08,65.84478099004662
399.889143177206,1,0.3351036340136977,-1.744719470506188e-07,14.72159374511766
984.2573847116948,0,0,-1.16630639058149e-07,67.87439481068755
356.4100495231949,0,0,-1.885269137666312e-07,69.74839414436626
739.9505438862938,1,0.476351377599076,4.808345974843374e-08,14.9450760932217
293.5153360287612,1,0.5520894987603402,8.03230867249678e-09,18.51342361321928
751.7995822541789,0,0,-3.148586872311533e-07,70.23030782008155
721.3899867494971,0,0,1.531563994881434e-07,65.1121120225383
698.3330526140589,0,0,2.566722467576492e-07,65.70979223882871
792.3257104587328,0,0,-1.497723577402069e-07,68.93915138722465
266.4893692676661,0,0,2.813905981543434e-08,60.90895201840142
85.81735750118742,0,0,2.897260098470557e-08,63.30069307794705
502.4892036347389,0,0,-1.59944670378056e-07,68.69300614650915
850.9400672206326,1,0.3003156080213089,1.284441412069325e-08,14.08747272572531
333.3853784641755,0,0,8.308510188835033e-08,65.92003301462623
798.004469467674,0,0,-1.794748553097778e-07,68.76587115186371
465.3411726049873,0,0,8.534978241346556e-08,67.37566284782929
155.8235784628634,0,0,-8.585724533107057e-08,67.92130432124759
796.4932708709614,0,0,-1.933037489091436e-07,70.23604072488209
554.7620036356271,1,0.2510612368499256,-1.020501091524839e-07,18.21082020950728
753.0615093707287,0,0,2.595396605455025e-07,70.60083059547659
104.8808158549157,0,0,9.026679918502406e-08,65.99482364913958
301.6523275103018,1,0.7081422704244144,-4.396381090370608e-08,21.66618223182087
591.3855184752038,0,0,1.569845157467471e-07,66.54661203520746
713.1353111160158,1,0.61934702194761,1.563758962288185e-07,19.39350053869826
908.8875573517352,0,0,1.832821663717695e-09,50.68090319933293
174.6896224454824,1,0.256913728586915,1.971283264246078e-07,19.01808197638053
635.5570577342748,0,0,-8.111296274855127e-08,67.17000690540668
808.8948471264993,0,0,6.923727169123301e-08,68.67770535244422
131.029057290984,0,0,-3.324198234995342e-08,60.9544863085899
977.3515778116446,1,0.8648745008618436,-8.700331282085207e-08,19.61064186397724
127.9378469397539,0,0,-3.604147334580862e-08,63.95626401107744
105.1647907483417,0,0,2.054346722351497e-07,70.81654746131865
531.5348869567392,0,0,-1.151977013342252e-07,69.67984271304425
197.2737769584795,0,0,-1.16919520027261e-08,56.87894502512472
975.9980392082812,1,0.6996019763793184,1.394519392990215e-07,16.86219404536241
670.3162442318051,1,0.6348147749471548,-1.301363476039059e-07,18.78627507896497
944.964714738298,0,0,-1.228070510450345e-07,68.38388204065033
523.2049323989129,0,0,3.588682845072017e-08,60.21046862384575
173.6275985372096,1,0.2596290976939746,-1.046910671084669e-07,17.71720488751856
281.8379069493829,0,0,-1.057985749958564e-08,58.07270584627568
219.6060805359314,0,0,7.162436601017822e-08,67.74095868459422
159.4840205814154,0,0,9.519524988682814e-09,58.1228899381156
956.6323596145788,1,0.5124308182537253,1.341281472102041e-07,18.85918586308671
282.0283892618547,1,0.2321234750224088,1.06122980858857e-07,20.58556240125715
85.18342093815775,0,0,4.897169266533968e-08,63.2545545016588
814.4410971002998,1,0.8965244853438286,1.308876033524305e-07,17.1599121761245
646.1806997488906,0,0,1.986999680999595e-07,71.34676263531449
305.1327361914479,0,0,-9.019598561916882e-08,68.20726971759183
319.6535988787851,0,0,-1.19338691609344e-08,61.55749881216826
750.1458628538325,0,0,-4.21993865788837e-08,65.68754952655551
52.7495241772322,0,0,4.688950210729853e-08,66.1659942011088
516.122198360017,0,0,-1.880692976280783e-07,73.43819178938155
628.9242520699217,0,0,6.669240597856978e-08,69.07593937377344
474.8410217883768,0,0,-6.556344157211641e-08,66.20769534889031
831.8329571462391,0,0,-3.858218751211961e-08,64.08102675087223
102.9594063926461,1,0.7013431275003065,1.132513846916987e-07,19.54666448015322
583.868841259811,0,0,1.752228372923344e-07,68.88467825972943
86.28955854389173,0,0,-7.781713115607826e-08,65.33399628843219
343.3170996362967,0,0,-1.647532269462939e-07,71.47816281539757
583.8381733407842,0,0,2.462795672517221e-07,70.97296911616191
967.3590171503282,0,0,2.237453823375417e-07,71.86218837213845
670.5474939276438,0,0,-2.859326258748509e-07,70.47383705551665
66.64961244994275,1,0.7565557722677023,-5.698714362644602e-09,25.10310871739176
996.9514285337718,0,0,-2.712734290471688e-08,61.33398879829468
77.24662561683242,0,0,-2.010984862648825e-07,70.78068761987734
943.6957774586773,0,0,-1.853269164400589e-07,72.01925201639581
267.9924259170469,1,0.6017431051720518,2.832062969895422e-08,14.48355406636295
94.58339197198291,0,0,-1.168038655601687e-08,58.35815509272889
404.8030539636759,1,0.4651641909919393,6.981100520837146e-08,18.09537577714222
942.8461934514863,0,0,1.16755294966526e-07,69.90405503937613
114.8356365969838,0,0,2.060367525911438e-07,69.54230741942125
397.8977239699489,0,0,-1.443900866494944e-07,67.35026415315825
50.9506709328496,0,0,1.92295036745291e-07,69.9485002873046
283.7723368381651,0,0,-8.24306970236424e-08,64.99696577400024
584.7566507005647,1,0.6104044004509201,2.027825986749754e-07,16.07514292384837
115.8735103370293,0,0,2.042726798993622e-08,60.31934041876518
860.7031769909445,0,0,-4.261564153556307e-08,64.07349221851001
732.4742334280551,0,0,3.944867352696307e-08,64.80335945245513
556.8783323843353,1,0.3786791354060784,-6.526056816421197e-08,18.71860506217173
256.3811781809527,0,0,3.038781828581949e-08,62.94539187125812
267.5823883166736,0,0,-9.936036869359222e-09,56.35102502707122
512.568379065933,0,0,1.090841356814538e-08,54.67045031700679
516.127906024167,0,0,2.849294732929615e-08,64.56222250494102
244.4503783946551,0,0,-1.02473263715664e-07,67.28010909726984
453.2660373017733,0,0,-3.271316694101302e-09,52.50697082970209
207.0068790830989,0,0,2.909709288654269e-08,62.96844125797306
69.51234951164233,1,0.9003599272923931,1.25552455971361e-07,25.46687961388585
519.6427392683506,0,0,-4.262753650768425e-07,76.46021242729383
970.6991029068477,0,0,-2.938284993977893e-07,72.36888949588473
156.7966062043625,1,0.7720542334755695,2.51941825469934e-07,19.03355004563883
983.8615819220921,0,0,1.132137578207104e-07,68.02376282770066
555.44092095118,1,0.6869609057566933,1.617283409163471e-08,15.66805601016404
432.6313406430402,0,0,1.318751577785355e-07,67.82012592695509
816.5820315932202,0,0,6.539254819107386e-08,62.60048755058072
911.4131651925799,1,0.931154240061179,1.76644836842182e-07,16.48174218694664
69.23604575473348,1,0.3236478267873993,-1.093846338586507e-07,22.46116108327563
120.160963832662,0,0,2.865619274612373e-08,67.62643664043453
746.7575401419982,1,0.1443496474906553,-1.02729211225264e-07,16.67537915962772
198.4484802712304,1,0.7965501709584859,-1.024497581262975e-07,17.91988447273124
57.44813490442108,0,0,-3.57836902299146e-08,62.74849852344961
363.6696004577778,1,0.8821578191842653,-1.824379615117857e-08,16.82076928279022
436.4672296290822,1,0.3659960073715374,-1.57666876974713e-07,18.5377436892089
466.4967763624903,0,0,7.361348734763681e-08,60.70379458354525
184.5889688611636,1,0.2131894647084606,-6.054834298686222e-08,19.34958602685369
563.5353280968488,1,0.5795544943243528,-5.811070670018362e-08,18.52620995807503
582.8213161329211,0,0,-1.605936224739029e-07,68.61280001784542
186.5688374653442,0,0,-3.661387691182361e-08,64.3155476500494
481.4088018415422,0,0,-1.86345102444991e-07,67.39927664964155
326.4316240198188,1,0.8586822971494147,4.369320369118397e-08,17.16217542146227
465.6799351232725,0,0,-4.46818322499418e-08,63.25120589822158
298.2350731060395,0,0,-1.694205252640853e-07,69.03338286058371
106.6949561246126,1,0.6069843914970503,1.216140381550798e-07,21.54516945488423
179.8097856988042,0,0,2.899427242458884e-08,60.98670717445097
461.2465376273303,1,0.8515130662146712,-1.787458010239041e-07,15.33192014260883
210.7463566920119,0,0,-1.777085463484601e-07,72.55362094308876
476.4894453946255,1,0.4338717824351875,-2.302135091751977e-07,17.92664114583961
694.0408762815606,0,0,-1.585503157443571e-07,72.81143999248661
559.6132492975592,0,0,-1.162234215350085e-07,68.41321265565362
82.95447721549799,1,0.6191354656101371,-9.768665172497938e-08,23.13559086227632
855.5951217725931,0,0,1.327802397409288e-07,68.59708662232579
489.863020586532,0,0,1.942685297310183e-07,66.71282924938399
717.6486372858982,1,0.2360541187071275,-1.377785937756928e-07,18.51712225283327
786.6322635191174,0,0,-7.115039060317788e-08,66.12240813054821
824.6362661882617,0,0,7.971473559711814e-08,66.59275225638844
429.2596564106664,0,0,5.551020125239213e-08,65.71972004034296
96.04998635598923,1,0.2837567197978058,-2.396077784352655e-11,18.5222568589189
737.128943130043,0,0,3.175281134665063e-08,61.7748405728008
860.3152917080846,0,0,-8.238772445560429e-08,66.22238026498847
118.9877242026993,0,0,-1.407234560246521e-07,70.15987045244407
811.6750337833721,0,0,2.401071767516501e-08,62.92314872469014
905.7473258709264,0,0,2.282628665982847e-09,48.71947327525167
488.96626095337,1,0.8316216673788467,-1.679953178538717e-07,17.79742596616818
617.1295771344613,0,0,-1.399858278319022e-08,58.8636611051647
108.3371811683223,1,0.12564208602056,2.733427409185903e-07,16.89930707099949
158.8325616770796,0,0,2.328886146918309e-07,71.55729067989273
571.5859961806676,0,0,-9.447186059494784e-08,68.03692870032958
815.9900053974238,1,0.3344416868825185,-2.426455762522944e-07,20.05975018333149
117.6296799844839,1,0.8120191246399558,1.790551072789171e-07,16.40651340859145
789.1358356415399,0,0,-1.206859808630921e-07,66.45245828112023
682.4182278579261,1,0.4796890409473876,-7.34192966257659e-08,21.46557632090108
680.0887523310453,0,0,-6.487031733180275e-08,64.65854885811414
198.3222078009809,0,0,2.297825814113448e-08,57.32679007076177
431.7288616594712,0,0,1.525575250381264e-08,59.41775592836395
71.25231259116345,0,0,1.249940682431281e-07,66.71328661451051
306.0831277012446,1,0.6581961041150796,-1.771347027245592e-07,14.52735803172824
402.8383674030472,0,0,2.1504015563217e-08,59.35756761439006
866.4659514512643,0,0,1.613969003201153e-07,68.23130593179407
495.8084272604349,0,0,1.694592970684486e-08,56.61949508683314
80.10799888673954,0,0,-2.047997663712765e-07,69.91758291719852
189.2053174578314,0,0,-7.46825712333291e-08,67.36850934065139
429.6314231877562,1,0.8491535537337808,8.458304859773075e-09,18.6940357583711
767.5184784197694,0,0,-2.316298788263153e-08,60.71031249309851
131.5744920047836,0,0,-1.022591793385775e-07,68.50255941824237
799.630352185646,0,0,-9.824837927045318e-08,71.23791441315539
499.2790863253732,0,0,2.980070136960555e-08,61.78879586098593
320.0903815136888,0,0,1.445523420088388e-07,69.25665229752416
222.9006696360053,0,0,2.266610741381481e-07,70.2850412057639
827.5410292450547,1,0.4320857013865922,1.065543658041293e-07,13.07245354850659
942.8705156821881,0,0,1.588004616457188e-07,67.38018604429632
504.1416372808623,1,0.1565730159359134,9.227580578623149e-08,15.44908279083613
970.000349082795,1,0.645110585941261,-2.363129294788001e-07,17.27959257540224
131.7865738987488,0,0,-7.899698659779547e-08,68.6590928497784
399.8579968826074,0,0,2.483509957279974e-08,60.93468505793055
768.8811760530375,1,0.4360922080882836,-2.235442601883505e-07,12.35778642454661
956.7211296323355,0,0,1.143388850682787e-07,65.97998592303337
449.2871263404965,0,0,1.334965666510883e-07,68.17003693857914
992.7757565258531,0,0,6.592453156380707e-09,55.93600748649656
891.2709755318515,0,0,-9.986942403575115e-08,65.13748132867357
364.0721597393066,1,0.4208503699511715,-1.992376386541427e-07,17.07814721370907
804.4527551791357,0,0,-1.45187784897992e-07,67.63742442155527
302.2607233163627,0,0,-7.520018020284665e-08,64.20369765252202
234.7800896724503,1,0.1892495166118477,-1.421486918161629e-07,18.42610215959704
837.3992325057764,0,0,-1.12827108847256e-08,56.74502785609578
968.6316777965874,0,0,1.093513603535588e-08,55.65265493399501
306.9611398276301,0,0,9.220017505052193e-08,68.15758544250035
848.5364282405674,0,0,-8.660475395900618e-08,64.09253769201713
747.9142054269942,0,0,-3.977290174354672e-08,61.67489901615821
415.3395288031532,1,0.7577347148314287,7.145673995299572e-08,19.8661815845951
94.34364439795041,0,0,-1.318839978062178e-07,70.21703487540267
80.05160649307871,1,0.4265360113226679,-1.278923134029798e-07,22.72581017084994
313.9705051934181,0,0,-8.585598448815751e-08,66.24676334309217
248.1799565899347,0,0,-5.463942913330152e-08,64.09901971354691
832.9457559146523,1,0.9606308614992002,-1.355658267711594e-07,17.26503418466276
698.8501996244856,1,0.1647603724757474,1.201380917594996e-07,16.49377983518784
246.3584708660644,0,0,5.755989700695767e-08,65.97096914456989
96.25544999410572,1,0.904358442225444,6.206326595738128e-08,22.71723013355664
836.6828549088381,0,0,1.072380657757797e-07,66.58102730736596
357.7252578453472,0,0,2.220295649877224e-08,58.31994207276288
286.2261333579572,0,0,1.024667414325291e-07,65.80526537911531
814.1029847067445,1,0.9841322179230717,1.526688163048243e-07,14.5818794511849
562.0371018822817,0,0,2.778883558312972e-07,69.21776035955692
59.304772470871,0,0,6.637717657693686e-09,58.94799573339597
836.5634920239584,0,0,3.809665771744949e-08,61.43793500794217
876.0613722736479,0,0,5.233789033530173e-08,65.55538549798908
774.4282307979144,0,0,-4.071927961713066e-08,67.69817717845991
594.521308226376,0,0,-7.162300929731906e-08,66.93145931124891
309.5280016883995,1,0.1625706339446579,2.126338246319534e-07,21.38592228588071
841.4811588766589,0,0,-8.109667296935672e-08,64.85692893744356
553.1427123971372,0,0,-6.489133318190329e-08,65.62622837152783
362.9436338108939,0,0,-1.384065599957068e-07,67.37949568607984
288.4496024770491,1,0.1506849320261199,3.842375109936994e-08,16.06221750781217
140.4440645133359,1,0.1958862301594894,9.055523357932361e-08,16.04446924889413
593.5794732770581,0,0,-1.047273037502794e-07,69.48882794366332
168.0525472671446,0,0,-1.405949671164008e-07,67.32741606647046
763.8346328515547,0,0,-3.992899541727233e-08,62.71575661883929
901.7213262589429,0,0,-2.077128422265403e-07,70.8750705591561
507.8917647540728,0,0,3.181852641840585e-08,63.70736925034273
725.7719893415594,0,0,-8.054819792639185e-08,66.56685786911503
148.7919688780355,0,0,2.040350118380661e-07,70.57746013885108
661.8560971189154,0,0,8.824520656655904e-08,68.46832476040159
329.6609809306087,1,0.7011807375828186,2.208357718283747e-07,20.44792455176348
366.7701643964879,0,0,-1.60845990553906e-07,70.76672146737572
141.6091358376774,0,0,1.062561087435473e-07,67.82893684726044
318.3922563850531,1,0.767208731726706,-4.325327284051824e-09,16.11584734585828
751.9878089478356,0,0,2.141855886622631e-08,57.87502872667843
562.1387986749191,0,0,1.785052069071133e-08,60.86810579869957
480.6901978091372,1,0.9421480748510439,3.855824817478482e-08,19.32794421836968
932.2442167937239,0,0,1.702783934664018e-07,67.92386910914379
51.35834127092824,0,0,8.310722357011798e-08,64.65016734133233
876.6289845491723,0,0,-2.091644951221955e-08,61.95995837772653
606.9490357570006,0,0,-1.08784341833037e-07,70.32214740013667
714.7871328517879,0,0,1.473095301222107e-07,70.55946787566684
509.1495758356713,0,0,6.454913133009254e-08,68.37860161558764
315.953641888946,0,0,1.576497775214326e-07,69.82766838504577
483.3838235421022,0,0,-1.812147505219936e-07,69.10959858388176
186.3654528305917,1,0.4015169187388599,6.077953925751795e-08,15.73956626227435
392.4853483836667,0,0,1.336638648776327e-07,67.63909975781119
772.9109328222667,1,0.7367655840174299,2.060958563022407e-07,20.86965752612257
171.5759997868132,0,0,5.184978764570208e-08,62.06255766285665
454.7686318851328,0,0,-1.479993737352771e-07,70.23979942852554
744.9561169904472,0,0,-6.287755535553496e-08,64.44650731304345
794.9041571346863,0,0,-5.388902885278676e-09,58.34895100858465
303.3968323660023,0,0,-1.328715221885331e-07,63.72161911920264
925.2820005333148,0,0,-1.652862157899813e-07,70.9474424833694
239.436576374561,1,0.4344570620248042,2.853769429042208e-08,17.8924720421954
323.6404336466881,1,0.7290458684469718,2.380411345435116e-09,16.18725006333733
305.1350722246606,0,0,1.2536506448095e-07,69.73843504613468
428.9830170379009,1,0.7853029044324685,1.882151432534722e-07,20.02266623832395
697.3042521507704,0,0,-1.576090518135589e-07,71.13889160643524
265.0737530769055,1,0.1842145216475547,1.168585192605737e-07,17.27422164705364
929.2704243358731,0,0,-1.297325308916925e-07,69.24094159545714
632.1737704151733,0,0,4.833557397792605e-08,64.73275057452825
688.1925553474,1,0.9330180672372524,-2.230725087391285e-08,15.31307243096953
489.8722920978319,1,0.6456161206654943,1.836997131392876e-07,17.62920497188608
125.2285821236909,1,0.8346949816117402,-1.478830362583826e-07,15.50374311070023
264.0152103889425,0,0,-3.318318969793206e-07,71.8831532132498
789.3228051012757,0,0,-5.701138950694995e-08,67.45876665184018
128.989305356689,1,0.1602160857800618,2.232062589122565e-07,17.15507006992418
161.8416137410196,0,0,1.406261795646972e-07,66.36857947970357
908.2067468116633,0,0,3.180902447868047e-08,63.05920652147653
338.0913046266213,0,0,1.143816474741484e-07,68.53573309899498
772.0845300529468,1,0.5267296564769334,-2.985451184982792e-07,15.99882215870173
586.8897057996195,0,0,7.063379705477324e-08,66.25400140074254
774.9713157208752,0,0,-1.949019869215005e-09,51.7205481183623
541.0367165676178,0,0,-1.740448948244493e-07,69.32213266583757
777.4058467515661,0,0,9.543806455716652e-08,65.7897974637213
948.5406300372176,0,0,-2.960816576201522e-08,60.12998958334021
874.5662091980103,1,0.2685870427588151,-1.729424404883697e-07,17.67401465994461
392.7188818558221,0,0,-6.721481159044539e-08,62.77347039767216
399.3445899967898,0,0,2.157984962195887e-08,58.26353762505951
910.5844876855789,0,0,-6.921390214819613e-08,65.47956288561706
759.5302188232114,0,0,-3.900359012532229e-08,61.49963968135688
698.3037278320525,0,0,-2.906176981429471e-08,63.17579392094103
652.5199457972154,1,0.6766310442871469,-4.621378525069319e-09,17.76036080064527
197.5907533643832,1,0.8657595895952779,-1.519028996307735e-08,20.95022873458453
633.9766352434332,0,0,-2.014598501732867e-07,69.18960937058563
480.4538419525998,0,0,6.93270257424418e-09,56.6256996313797
430.741087235682,1,0.9557359176217618,7.447713233942708e-08,15.68265922640096
984.8206751127873,0,0,-9.144309606224728e-08,65.07396099219247
72.00304902338907,0,0,1.21596502473893e-07,66.31125882100761
953.6690183422942,0,0,8.673755738150901e-08,66.00711263984
747.1841770662288,0,0,1.018546794830138e-08,56.93807064653519
802.6569808435435,0,0,-2.37050168726794e-08,58.77033034891173
903.374033968626,0,0,-1.595838703602571e-08,59.58840804734507
496.8470273568988,0,0,1.003428098140842e-09,48.60565266498506
115.6799044604117,0,0,-2.046601963677683e-07,69.28943542299056
328.0550906426009,1,0.8148954932338295,-1.696231327710735e-07,16.61428801052558
670.6627495116851,1,0.9093308639157149,-3.518567426870184e-08,16.47706774329336
632.925616499084,0,0,-6.333578846633861e-08,66.60888549573608
410.5756392727064,0,0,2.554749701811609e-08,65.54612860874909
444.8281110279812,0,0,2.016247048716094e-07,71.55653302247984
184.8999840802637,0,0,-1.682710651722754e-07,68.14187056714152
482.0274843488741,0,0,-6.547947820210541e-08,65.35174697970614
548.7802724620103,1,0.9218020111661193,-1.190809021999837e-08,18.96332279656602
287.2179751456845,0,0,5.426784259924578e-09,53.51977381715201
156.4474271894,0,0,1.171899387812287e-07,64.97967838939542
577.7125790283396,0,0,-4.629251782853803e-08,60.03110251277368
459.2438644776994,0,0,1.785150528385466e-07,69.97425264150091
949.3340648810361,0,0,2.343634215190151e-07,71.3088374899354
969.9456974546349,0,0,4.128597859940826e-08,61.76980092863705
740.9460884876603,0,0,-1.416877900164557e-07,65.58296068684152
659.8003127973521,1,0.1519185929148092,8.929509146072093e-08,17.53050643644628
428.7693959584309,0,0,3.303324931681053e-07,71.91319667974243
582.175114907922,1,0.6359632608944591,3.868842052273962e-08,15.57648588428243
640.9309309977532,1,0.230051033379282,-2.720405896953471e-07,17.44652393269189
233.7162638887022,1,0.3180242527198414,-1.58721271226641e-07,18.10380859500824
82.50293042217288,0,0,2.409272260516864e-07,68.21024249623358
723.958273234136,0,0,2.2612999244469e-07,70.6664557750657
248.3947410180963,0,0,1.371923244708517e-07,70.60249945267313
116.4985866225395,0,0,8.816292437461738e-08,63.1209029299504
955.4373435364643,0,0,1.068235293177251e-07,70.2906945384718
705.2470002512272,1,0.395105920025337,1.06218135669492e-07,16.79135126264112
971.4770977303872,1,0.9545271196801447,-6.585274902828095e-08,19.28828157045387
79.14918872334376,0,0,-1.231375531593792e-07,68.75342725239621
110.1183631264498,1,0.5416605813526879,3.841518193683897e-08,16.52115072063269
50.15215458417052,0,0,-1.260991711340424e-07,69.07903861944935
270.8829797553985,1,0.5122889001666092,-1.897269601224137e-07,17.8298181262857
288.9015600866478,0,0,-1.51267568161344e-08,58.53140579944014
635.4415364388225,0,0,2.084682456628839e-07,71.09390872595887
443.8371212314073,0,0,4.258232141600033e-07,71.69054785005564
951.0815963127288,0,0,-9.876836823349734e-08,70.34997864361544
596.5528365188393,0,0,7.885802153793195e-08,65.14032304232299
414.6720854032134,1,0.4147594947770971,2.803140237850363e-07,17.49278308916761
275.6931652248265,0,0,-1.281610957170225e-07,70.61424564144184
338.3917967290444,0,0,8.049719108994132e-08,67.52092691664889
805.6854988788994,0,0,-1.74669916087232e-07,70.68175664267557
484.6560055739769,1,0.5386393198767743,-1.95016642821541e-07,14.48191346930822
597.2360086967045,0,0,4.285381610281612e-08,65.14941946773729
627.1196215687509,0,0,-2.236381530524171e-07,72.81102792263529
524.5078509879933,0,0,1.44592341068746e-07,70.9581671674627
275.7886456084734,0,0,-6.267763290182842e-08,65.90041441982721
662.1520382582964,0,0,-7.606277782742054e-08,69.19808744798071
534.8427443932346,0,0,2.418509679066551e-07,69.57531584837966
182.0997401435286,0,0,-3.723518197279203e-08,60.89016001933896
611.1181679701239,0,0,-7.30734641092139e-08,67.31141199459321
168.9473908934638,0,0,8.013652581703783e-08,67.80675465802611
784.9196873308466,0,0,-2.087251852202448e-07,69.0099799302504
988.8165465113852,0,0,2.961509110021558e-09,55.70849936497859
967.5393298759997,0,0,4.812517518588009e-08,65.19439330719769
919.9528386652476,0,0,-5.44194313549634e-08,65.61172415800087
406.1385985479934,0,0,-3.102074328014795e-09,52.91940858207527
229.1473873734145,1,0.8716291862003867,-1.040743736557891e-07,13.19474396563181
101.4654312595772,0,0,-4.250717840394262e-08,65.64381844558183
426.6231196993582,1,0.2560103223247503,-9.325312663038572e-08,14.3928633700236
784.7552211194707,1,0.4806144093163099,1.712093227096502e-07,14.57800154980392
510.6520558785439,0,0,-1.073525818130293e-07,65.17646116263997
569.3469647115766,0,0,-6.276878175360999e-08,66.44374379727705
164.5722629451949,0,0,9.449882952131669e-08,65.50052784563245
789.2447561553232,1,0.35285202121061,9.860707526123586e-08,18.28303937319489
329.0452398046986,0,0,-8.382819920317064e-08,67.09154153383967
61.00220838749505,0,0,-6.681909568250303e-08,60.64340488560366
787.2021137514529,1,0.943353433334733,-9.45918446940079e-08,16.47862433878349
843.1198082470315,0,0,2.473456492444046e-07,73.98384040896335
150.0555939869924,1,0.1040759801696025,4.301091557353091e-08,15.72341712383706
283.8691421763994,0,0,-1.294091968320012e-07,71.71456209920491
877.0228686609016,0,0,-1.910941794512544e-08,63.37793910151848
167.9260587823034,0,0,2.292261291232854e-07,70.4155854005769
318.9456948580983,0,0,1.300752083009357e-07,70.59946062309783
591.4545120202229,0,0,-4.213209683251461e-07,73.53414354166868
433.7456657754761,0,0,-4.544604767511006e-08,65.54577233885443
125.2229043757092,1,0.5677782500389268,3.220984615841556e-07,17.93444711742255
322.5264816592568,1,0.1836513882176351,-1.239625754250604e-07,14.31238156455401
147.2983833231961,0,0,2.87030343350303e-07,73.47808143483319
748.6184971397873,0,0,1.802337387851244e-07,71.26179758174167
894.9073326236827,0,0,1.359644370834387e-07,70.71407137124173
241.2470675729045,0,0,-4.27511658886603e-09,54.49683455226457
143.7912753721087,0,0,1.366740811276144e-08,60.0099960631257
442.6342495868691,0,0,1.442912522924287e-07,68.24515905058178
104.5478948477055,0,0,8.304865333441099e-08,66.00320102337864
941.0436462120626,0,0,-4.946704404915568e-08,62.44120629114752
468.4919341007591,0,0,-1.532748156053254e-07,71.78501945593069
509.6176827705817,0,0,-1.756311427547972e-07,67.81683098077744
251.1825848865559,0,0,-2.05092881882415e-07,73.73789280421629
128.380626169136,1,0.5386300995451201,1.149422057409352e-07,18.25796247690624
217.3547229915176,1,0.4940866520767317,4.250777203205106e-07,15.811082473734
208.224369700467,0,0,1.468445302906734e-07,69.50174294401481
532.2476598160624,0,0,-7.19113237192506e-08,64.30877795837667
835.4761378797252,0,0,4.701122729582208e-08,62.3749126540558
723.8805891894444,1,0.8357045086862989,4.500957988924489e-08,18.31042470865741
961.0329528113506,0,0,-2.543481679338717e-07,71.61560997597971
101.8665292048871,0,0,-7.376373173326463e-08,64.47533164442441
684.3147556520639,0,0,8.468525297926192e-08,64.25711107138642
784.7571642689522,0,0,-5.539548698869296e-08,65.16034577979579
990.7323602417505,0,0,-2.719000416636031e-07,73.14079252236913
452.6504953566985,0,0,-1.127459831200948e-07,69.03413707739506
108.2698216033218,0,0,-2.916391217138622e-07,71.35228570041035
513.5718115421706,0,0,5.955640868688674e-08,66.3785404900715
584.6447755347233,1,0.5400971807035243,-6.286495078637132e-08,16.00281352952055
725.9461600761661,0,0,-5.049918403864618e-08,64.42853569138944
694.4113622848317,1,0.5865888522534013,2.381630015191711e-08,15.98508746907074
707.7581041363742,0,0,-1.257588805313438e-08,55.09230680333722
855.9999960807583,0,0,-7.798185960765555e-08,69.48321134135412
420.6309538045706,0,0,5.052993209732202e-08,62.69231883846058
175.4115538578395,1,0.1155794525194596,-9.41776321222047e-08,20.82283455134422
822.1364539771215,0,0,-9.501082193061015e-08,69.18560740789725
318.8915426024237,0,0,-1.134506737102283e-08,59.69306378871283
379.9674864124167,0,0,-9.528833208726574e-08,65.27842334386001
358.5212750251403,0,0,5.072898833296471e-08,62.34118563434485
238.035581274591,0,0,-2.598478512966834e-07,73.1720895200669
363.4289854049093,0,0,5.915457229789284e-08,66.35419328439993
243.3533583626562,1,0.4517534287987752,-1.344437608184011e-07,15.83142016640925
341.2298580840609,1,0.3865305314200719,-1.394194699342764e-07,20.15648208377464
929.8654798099396,1,0.7210376312971393,-2.037820963936769e-08,16.83482863460717
750.824291774531,0,0,1.174709553354716e-08,53.19592295400305
616.8889108813864,0,0,-7.838549597573508e-08,67.07901894065796
649.2317036751712,0,0,-3.642106104007867e-07,72.19233575910903
742.9270580100144,1,0.1733413062013263,-4.284877120708199e-08,15.72718004068419
220.8675816885572,0,0,-1.616779457596712e-07,69.34117254822425
147.7645875201093,0,0,8.608606109243198e-08,66.59738692189785
71.69405987954768,0,0,8.814900062235077e-08,68.29026105978127
573.778776971414,0,0,-7.998712689635996e-08,63.56555250349752
414.5052471508354,0,0,5.991833138097617e-08,65.58847697840697
72.86062846346243,0,0,1.189528910595663e-07,69.26911199097941
371.8236736095577,0,0,-4.588515264930229e-08,66.58750912555961
955.5562256163774,0,0,-5.361900672469311e-08,69.37007725318036
68.17883690970758,0,0,-3.393545493477415e-08,63.10798968138463
784.4722949098131,0,0,-1.410101574527256e-07,69.33008137120227
138.2635516639425,0,0,-1.259081664692725e-08,60.20445601806021
785.1597521153943,0,0,-1.51539006890567e-07,67.06372863868246
709.459727081304,1,0.98311002035812,3.500438998139885e-08,12.98509107007839
563.6200107470474,0,0,-1.279640834884328e-07,66.56407294277878
183.134918819036,0,0,6.783416879396703e-09,54.92859040383444
629.2614335999833,0,0,-3.872532766821116e-08,63.72462180271539
490.0326880205225,0,0,2.127078964761414e-07,68.21379209684628
642.157155234491,1,0.6949118312179133,-2.339041082325116e-09,18.5923025848331
414.9890758293959,0,0,8.653090266414577e-08,64.9372405104816
151.3533713769251,0,0,-4.046729834053006e-09,56.25119571226197
432.3454567981586,0,0,-1.626952775853022e-07,73.32827769423567
400.6165941828494,1,0.8458969634608643,9.98859723014547e-08,19.81914586461783
914.5960710050828,1,0.5609168753156575,1.062785281372229e-07,17.27208375728646
347.2142836031671,0,0,1.998731158957388e-07,71.58328492426668
326.1795925279238,0,0,2.073930242603989e-08,58.58586791914248
613.5314726339406,0,0,4.111919188587741e-07,75.74744171941286
592.8699747208244,1,0.2545016078344456,-1.34175570077683e-07,18.52476338672615
268.7822898032708,0,0,-1.166539722851848e-07,65.16347310926218
978.0945529488262,1,0.7739663925352078,-1.564093372487361e-08,17.24022743052965
279.4644951836651,0,0,6.232004009080786e-09,55.73016915527135
834.7836494373572,0,0,6.14161342269863e-08,62.14982306551287
257.4222814725049,0,0,-1.151856276529295e-07,65.58218008111751
806.8768704532995,0,0,1.788125318956058e-07,71.21688030714154
777.6444503873748,0,0,2.905700539374436e-08,59.69110997930943
632.9735303472673,0,0,-5.409948607498968e-08,65.41281784111683
642.319039052928,0,0,-1.232270324775538e-07,65.19492745530786
511.3891053566472,0,0,-3.782145475043574e-08,63.59501312664372
416.5710423670821,1,0.920118317393018,3.430648136172495e-09,16.58614359997223
939.6500644111719,0,0,-2.338342522629802e-07,66.82247807131003
514.5532173714946,1,0.3912069699534579,-5.389367317576109e-08,19.56212574997534
408.0149109779947,1,0.486733670567002,1.847954580535751e-08,16.29393463641328
570.286784215091,1,0.2192672084008637,1.300790251341384e-07,12.485548210646
922.225786966389,0,0,-5.278782181447251e-08,64.47250524325466
767.5161921820105,1,0.8734946021285619,9.16517116709625e-08,17.40453657110104
58.49602529380496,0,0,-7.766447523581533e-09,58.4748667938084
91.74880763794178,0,0,6.454491407612012e-08,69.36260290213195
204.1036665204241,1,0.7223938171073094,-1.023874603615549e-07,17.37773353050919
868.0528004096684,1,0.8816268342987467,-2.694674368146053e-07,16.74886460817714
237.6688289575463,0,0,-3.04167224960355e-08,66.23904652355523
321.7659258207723,1,0.2588994978893477,1.873357848664305e-07,17.90994347317446
353.0140837227128,0,0,1.873646405129176e-10,39.85858391522137
401.4365034912365,1,0.872588715807567,-1.014207900579916e-07,18.62725311476667
703.2785719237108,0,0,8.53544483902127e-09,61.42596076889993
923.2615766548885,1,0.9607422655154094,4.523533669962443e-09,15.97752353295834
904.0516838892268,1,0.687036030946153,-1.290370169932239e-07,16.9518707794412
860.1817342484358,0,0,9.118804029210604e-08,68.81613490537508
554.2922423412131,0,0,7.056405162520685e-08,68.46091298606237
717.6254877815724,0,0,-7.105280746020558e-08,65.91787014384572
720.3510214939931,0,0,-5.663521441959736e-08,67.30622060362921
784.9369608417601,0,0,1.370452419840428e-07,68.42957622040899
765.0765118816773,0,0,7.468265892263617e-08,69.63658716515799
190.2866144034913,1,0.4295203999427262,1.371408295730807e-07,18.71065290292102
143.2894101228034,1,0.7004586718438132,1.246448543414428e-07,17.7055531602573
843.3448067888858,0,0,-1.505196198701981e-07,64.73911241986922
878.6612499501761,1,0.1847090017137306,-1.110959335957965e-07,20.08006131295861
675.9090448229997,0,0,1.767774119508848e-08,58.72592978218343
979.6719665954984,1,0.1750176423498062,-6.269043978934724e-08,16.73519605584595
725.4329822913032,0,0,3.944906285921679e-09,52.96326678524678
755.5484624154576,0,0,2.202292487545425e-07,71.92600042320443
409.1978947391847,0,0,5.412004085177851e-08,68.21593505982609
454.980536097955,0,0,1.089924812164484e-07,68.51593825024177
777.6604314842364,1,0.2751312173411019,8.970222091699187e-08,17.11386411975562
689.5005831736987,0,0,-3.694183198095397e-08,63.23979286079984
768.273376994778,0,0,3.151703660339621e-08,60.23400022165039
217.0660872036293,0,0,-3.52194805646461e-09,51.86108863801761
325.1442002886823,0,0,2.911737136263269e-07,72.23225466300171
936.5627205484078,0,0,-1.475562964886714e-07,67.99314630298382
991.9294121486272,0,0,9.937744441701049e-08,66.73135283833494
699.9758477869362,0,0,-6.65942464104649e-08,65.76309551015858
957.207359871889,0,0,-9.961995324298551e-08,67.29476404917644
737.0196779695871,0,0,8.516157851463821e-08,65.91262109808889
494.8006189169589,0,0,7.914907621260596e-08,69.62207922382156
129.5654422541656,1,0.8793512047208698,-5.828506162476641e-08,19.17302792026435
654.9515619416372,0,0,-1.284441050915381e-07,70.77832770937609
307.9119283556026,1,0.6468382607265474,-2.638059836548542e-08,14.81140168941553
878.9547793096792,1,0.9437791840257883,-1.292534537479946e-07,15.60512382587651
465.7529106949092,0,0,-1.396278789327532e-07,66.87688972474493
442.208107274045,1,0.4028838987608651,-6.821312960809617e-08,18.28906987789454
143.4517785653287,0,0,-1.241943433878855e-07,67.46294653556794
393.1366374749759,0,0,-1.306075994947751e-07,66.10307937546989
461.4179804876098,1,0.3885926768080192,7.300122455104309e-08,15.18555340370864
372.7196688605274,0,0,1.873553042545903e-07,70.42847858013398
611.1780867008606,0,0,-1.359858976692655e-08,56.06273202397787
69.18784758067319,1,0.7354305695559678,4.927184046739028e-09,26.99658537495801
57.24599758349887,1,0.3863308655275917,-1.257641539980388e-07,26.52013072882347
188.6959078230645,1,0.4365142975113913,-1.365675965277392e-07,17.22373234792096
668.7845297837831,1,0.5868758611393247,-5.545004493881477e-08,15.54283256646345
657.7170736982523,0,0,4.547367990209112e-08,62.0800115860344
669.9094470589573,0,0,-2.581837345792765e-07,71.17616288048765
815.6347074585354,0,0,-6.360735242624579e-08,67.09992656558515
154.2150714568656,0,0,1.264702731837093e-07,70.29827363979997
941.6542191416586,0,0,-9.863367413683943e-09,58.19568079329558
687.547296856502,1,0.4219458694023168,1.519782483084741e-07,16.47782628782904
690.2562403108994,0,0,-2.277295578179963e-07,68.85233740511424
932.9504510978452,0,0,-1.343389097581102e-07,69.33522970873022
382.7389071281454,0,0,1.000518497509722e-07,69.40583032408563
962.7356257948175,0,0,-5.1835595669746e-08,65.67028599137547
549.2387955362682,0,0,-1.995926088644453e-07,69.51189796549868
582.1045416546211,0,0,-1.277499737588333e-08,61.45437316599057
256.8513195072203,0,0,6.381252232709819e-08,68.68252718371568
469.373729289384,0,0,2.469134064853241e-07,72.32727993123123
139.5887967819218,0,0,-1.614810153075957e-07,70.44891620653242
513.6692185554782,0,0,-5.124674116065378e-08,67.10411643964487
298.2027587034835,0,0,-3.542251617411254e-08,62.23840634394936
459.2524710992435,0,0,1.733455895450241e-07,75.23217568440276
303.8294822040004,0,0,1.097652325608942e-07,71.56704050336948
118.3460486819504,1,0.5612171201540274,-4.147779733404213e-09,19.43552466932211
992.1480381798875,0,0,1.377255565915925e-07,67.63204150165568
780.0243499135362,0,0,6.318660801121647e-08,66.62439105283586
756.739547537857,0,0,-3.498047996990514e-08,63.48669429695488
755.0885803884175,0,0,5.658342331345711e-08,65.09055697421273
390.1639796819052,0,0,5.260305346683778e-09,60.13606068953742
957.5705240652945,1,0.4841989805589688,1.677839474071987e-08,15.91254513426594
909.6522237381871,0,0,-3.080724032706246e-07,73.36042708653613
306.9790497659113,0,0,-1.899849669096004e-07,69.55260838534265
479.5865211077202,0,0,2.98780426921283e-07,69.66073543135593
913.045130371762,0,0,-2.211466876917028e-07,71.02993328232149
113.6725805596069,0,0,3.494708361868358e-08,63.37604883034377
854.22438063302,1,0.3063000414243409,-3.146246701055927e-08,16.1900833803188
737.5579975858988,1,0.5810641091042597,4.170682839992659e-08,20.70997015895104
71.5918675878097,0,0,-2.857055000760985e-08,61.17889046650541
502.1625180542442,0,0,2.070935152613535e-08,58.87331847259509
733.9839449457014,1,0.7271197763337309,7.053912043328223e-08,15.51161498120008
878.3800037348511,0,0,7.179089753461418e-08,66.49538493469242
399.9639273267703,0,0,7.618019214289526e-09,55.84559900673656
952.7344525480283,0,0,-4.352733264613405e-08,63.47146341684217
334.517816057922,0,0,6.403412045715225e-09,52.82063054871619
131.6950764797342,0,0,2.252823648869829e-07,68.10496571453227
405.0056950687509,0,0,-7.264323505943447e-09,54.72358713996194
940.0094810920015,0,0,2.221662317004784e-07,74.64966757604286
765.6031790853372,1,0.6712489274094806,1.781010000451605e-07,15.75611080321292
892.0215872013882,1,0.6615527089444205,-5.457510309939596e-08,20.49549517233033
813.613840288151,0,0,7.417304522358537e-08,68.12277857078674
644.815348243305,0,0,-2.084630276871048e-09,47.34470225042073
62.71419647941191,0,0,-6.656381164324795e-08,68.46189395316445
806.0612386720315,1,0.9949457487313113,1.415206174099024e-07,14.6726643853451
838.9586217068056,0,0,4.114452524343444e-08,63.54896427568204
737.0660500902321,0,0,1.381915834109186e-07,71.72341924860366
182.5445325081561,1,0.2329369706782048,4.936668321152365e-08,17.88746312631146
182.3383473010326,0,0,8.612480292175536e-08,65.68991114451127
225.0853618275682,0,0,-1.244153516806036e-07,66.35764224553968
176.1982124055203,0,0,1.222375222815856e-07,67.1064818496754
843.5518071641557,0,0,-1.245975402587617e-08,57.67252774279799
711.3335554206365,0,0,-5.815608221691918e-08,64.64534882522567
546.4009471397958,1,0.7361674478178633,9.5719259360271e-08,19.45885265759279
185.3604958243178,0,0,4.122564701502525e-08,60.45758892597074
860.3824552337982,0,0,7.933945184337709e-08,66.81433923467667
543.7058664760773,1,0.4315753606450398,-2.280210207316857e-08,17.34995028824708
399.212209111571,1,0.1723720200780561,1.603847419300961e-07,18.44523307318012
578.4254142512729,0,0,-2.19938750093135e-07,71.23286501416666
710.6782838635265,0,0,-1.207362712440069e-07,67.84504759398162
401.1425394211071,0,0,-4.925340130369483e-08,63.22078004900316
833.7600086415598,0,0,-3.83073022526063e-09,55.68259079488632
910.580882156306,0,0,-1.919498115321944e-07,70.17299474067592
508.9334178565663,0,0,-4.678684003186353e-08,64.30701170097853
999.4655098097486,0,0,-6.261455226777591e-08,66.09546577969589
213.5481888832688,0,0,-6.079074424714684e-08,66.10282681561496
499.7111245643922,0,0,-9.110386925227264e-08,65.60576551842715
513.2090006775965,1,0.3979997053810459,-5.143677249006417e-08,16.34444071591595
843.8328335587105,0,0,-7.245041861813243e-08,69.05701453378515
472.7080775047217,0,0,7.436117496120091e-08,65.50490257820059
528.8534355931084,0,0,-2.981637633690472e-07,73.28562698319897
781.2229492777028,0,0,2.128986330561011e-08,62.35540817865331
223.6140906691046,0,0,-1.874115614313689e-07,71.33067488518807
341.4339205832393,0,0,-1.555979241038868e-07,70.04856590518237
546.5712962642513,1,0.2942163183342208,-1.480633138818255e-07,16.72706766798726
774.7034911283812,0,0,7.098322059885454e-08,64.33951802299495
336.3343768851374,0,0,-1.416204716325859e-08,61.53222112271034
194.7345780785284,0,0,-1.916039242288267e-08,60.90433594529894
169.0417837665135,1,0.7794993255650161,1.376854115966956e-07,18.85233668908571
421.6565727854415,0,0,-1.67533167310614e-07,69.87683098792211
897.1565297362783,0,0,-2.1160309281818e-07,72.31177285550524
482.5062091988057,0,0,1.840044651273331e-07,69.85592920168337
930.6306498395238,0,0,-1.09167366280835e-07,65.4506476169947
677.6210738125885,1,0.6258503965378475,3.502470987936878e-08,19.93897261363125
816.0796665945355,0,0,2.46050021174636e-07,69.2554520686592
187.4802842794774,1,0.1543465543017341,-2.428786223622156e-07,16.96150985302347
996.9957304039307,1,0.6620601256296664,1.745005243935808e-07,17.13564987810813
887.7811302926577,0,0,-5.015108189986472e-09,53.03510979039636
226.8955903971006,1,0.9601216796472472,2.273081116526071e-07,15.32274984753059
693.2232410236302,1,0.8083409566984624,1.703319455910468e-07,18.38624570022729
350.994902090471,1,0.4314451835825116,6.175942453118731e-08,17.47848148816916
749.5037598596888,0,0,-4.579344743575472e-08,61.71790195931658
87.54151091696122,1,0.4671836290573618,-7.86621727621916e-09,22.78366657825598
278.1439414269504,0,0,-1.087202294389272e-07,68.52209754290263
82.98396342463539,0,0,-2.054571370660484e-07,70.72578349844879
276.4012996135974,0,0,1.175767399047576e-07,69.5910189529537
550.4308652884147,1,0.8585134228268587,1.86277642677321e-07,18.36079585302963
503.380934924083,0,0,-6.960890112205691e-08,66.24351537750525
466.9888178961414,0,0,-7.130507528069824e-08,63.25243231830395
193.9655224015606,1,0.6238918002492746,-3.26765769558019e-07,14.5518883592402
229.3413702054437,0,0,2.276056748299282e-07,68.67275891594807
93.13652417348342,0,0,2.821648343491977e-08,63.31779504850476
223.7269443863358,0,0,1.354794618719914e-07,69.79466326585876
78.43705152791084,0,0,1.054892266616394e-07,65.98953893250065
745.0910120427234,0,0,4.971229492258348e-08,62.6209578874637
207.9570523907489,0,0,-4.366981374662772e-08,67.2109442031752
958.8673695720281,0,0,-5.068463944040202e-08,66.87233610578035
489.4968861007882,0,0,1.930171210725558e-07,73.97985877624343
160.2139822228722,0,0,6.338947903075887e-08,65.33777448644913
756.0210713672584,1,0.1685134155811489,-4.293263450205923e-08,15.97353091826107
914.7570004072968,1,0.4359115636217993,6.795205406777493e-08,19.32397783928273
386.7534039844038,0,0,-4.095577344689599e-08,64.48929755099378
70.1715968277139,0,0,-1.366442900151801e-07,68.70910660154108
539.5089516493142,1,0.4240845110711717,-5.144056413492658e-08,18.06881439078814
286.4214239004145,0,0,-1.830399414165723e-07,73.54762448868766
237.9358971726228,1,0.5375620452624802,2.194916235277011e-09,15.06023615533666
328.5323671229325,1,0.2349984919432341,2.005327438129069e-07,16.9424798645423
690.3968617807195,1,0.9485169907118225,-1.844414165194573e-07,19.14551867139364
156.887105676517,1,0.1366236026187408,-2.363427159614739e-07,20.24020934585032
433.2348960073456,1,0.7452155821523393,-2.598641473041522e-07,15.67979019826661
209.3887372281135,0,0,-5.702930555553825e-08,65.50270469227216
760.8995743744561,0,0,-3.573875435373072e-08,62.33402781380348
314.0785920798845,0,0,-2.580467539238183e-07,70.75425428623444
419.9547682581155,0,0,9.988339744887597e-09,52.18916944066091
772.0962948453609,1,0.2884789568950712,-1.54444493661997e-07,18.9628287660287
143.6953943021226,0,0,-5.045026648531523e-08,60.54062784654581
452.8169627769487,0,0,2.65220626764558e-07,69.00720718277138
875.1769224151017,0,0,-1.735131235526113e-07,70.27127870464608
450.0289423389632,0,0,-2.770318595969188e-08,62.27631450760494
203.1973526375952,1,0.9969852057238624,1.944324604256477e-07,16.54397500229274
862.2625800274189,0,0,-2.00143648340164e-07,70.42751135690808
486.015216911414,0,0,-1.42971991408424e-07,71.92595964808277
231.7944291269651,0,0,-1.635616306623625e-07,68.91995896592927
548.1547896775194,0,0,1.352348653317982e-07,68.02337883660873
860.3145807682687,0,0,-2.310125719136358e-08,61.45117804732771
227.1743289644393,0,0,8.110282637144222e-08,68.21164021126295
255.9047675487767,1,0.3445625182523739,8.327999650352386e-08,16.2955880281418
203.657358218303,0,0,2.31815194175726e-08,60.89162659959473
731.2544400817869,0,0,-1.57125847619701e-07,68.02346929259269
688.5139800138729,0,0,-1.824690639634216e-07,70.01682267784071
599.2654359698939,1,0.3669256715283123,-3.789665919010351e-08,12.90520906391906
604.2889777420025,1,0.3708256051999653,1.143731143924651e-08,16.3662633871869
138.8839282071002,0,0,-2.40665485009884e-08,56.47982948268513
57.04432178829788,1,0.4940154325352714,4.487608171295399e-10,28.74623756349439
513.1112677537205,0,0,1.586654595708733e-07,69.30989285427796
657.7953090373171,1,0.4501023448248332,-1.65287052017225e-08,19.19047983520298
421.7199841984679,0,0,1.064955131713403e-07,65.59116657808335
225.5237498062297,0,0,4.128884623249672e-08,63.74654255599303
87.0930496832483,0,0,-1.34451691457296e-08,58.6311550904714
238.5729681800223,0,0,-2.104017269673871e-08,55.77017272115238
506.3645710019919,0,0,1.213736081484783e-07,66.71858173106943
603.1994661584773,1,0.8043190952333827,-1.211448973900065e-07,16.22267231298885
460.4847377540376,0,0,-9.59077467457422e-08,68.23427995534017
319.9300118294088,1,0.172611535678256,8.227811382285617e-08,21.70337122809245
599.7936707971917,0,0,6.857401590440464e-08,64.49723109879011
